[{"id":1,"country_id":213,"post_code":10,"name":"dar es salaam","created_at":"2025-05-24 11:24:13","updated_at":"2025-05-24 11:24:13","deleted_at":null},{"id":2,"country_id":213,"post_code":41,"name":"DODOMA","created_at":"2025-05-25 04:24:45","updated_at":"2025-05-25 04:24:45","deleted_at":null},{"id":3,"country_id":213,"post_code":30,"name":"GEITA","created_at":"2025-05-25 04:26:04","updated_at":"2025-05-25 04:26:04","deleted_at":null},{"id":4,"country_id":213,"post_code":51,"name":"IRINGA","created_at":"2025-05-25 04:26:37","updated_at":"2025-05-25 04:26:37","deleted_at":null},{"id":5,"country_id":213,"post_code":35,"name":"KAGERA","created_at":"2025-05-25 04:27:06","updated_at":"2025-05-25 04:27:06","deleted_at":null},{"id":6,"country_id":213,"post_code":50,"name":"KATAVI","created_at":"2025-05-25 04:27:55","updated_at":"2025-05-25 04:27:55","deleted_at":null},{"id":7,"country_id":213,"post_code":47,"name":"KIGOMA","created_at":"2025-05-25 04:28:28","updated_at":"2025-05-25 04:28:28","deleted_at":null},{"id":8,"country_id":213,"post_code":25,"name":"KILIMANJARO","created_at":"2025-05-25 04:29:13","updated_at":"2025-05-25 04:29:13","deleted_at":null},{"id":9,"country_id":213,"post_code":65,"name":"LINDI","created_at":"2025-05-25 04:29:50","updated_at":"2025-05-25 04:29:50","deleted_at":null},{"id":10,"country_id":213,"post_code":27,"name":"MANYARA","created_at":"2025-05-25 04:30:23","updated_at":"2025-05-25 04:30:23","deleted_at":null},{"id":11,"country_id":213,"post_code":31,"name":"MARA","created_at":"2025-05-25 04:31:01","updated_at":"2025-05-25 04:31:01","deleted_at":null},{"id":12,"country_id":213,"post_code":53,"name":"MBEYA","created_at":"2025-05-25 04:31:51","updated_at":"2025-05-25 04:31:51","deleted_at":null},{"id":13,"country_id":213,"post_code":67,"name":"MOROGORO","created_at":"2025-05-25 04:32:41","updated_at":"2025-05-25 04:32:41","deleted_at":null},{"id":14,"country_id":213,"post_code":63,"name":"MTWARA","created_at":"2025-05-25 04:33:47","updated_at":"2025-05-25 04:33:47","deleted_at":null},{"id":22,"country_id":213,"post_code":33,"name":"MWANZA","created_at":"2025-05-25 06:01:49","updated_at":"2025-05-25 06:01:49","deleted_at":null},{"id":25,"country_id":213,"post_code":59,"name":"NJOMBE","created_at":"2025-05-25 06:08:29","updated_at":"2025-05-25 06:08:29","deleted_at":null},{"id":26,"country_id":213,"post_code":61,"name":"PWANI","created_at":"2025-05-25 06:42:07","updated_at":"2025-05-25 06:42:07","deleted_at":null},{"id":27,"country_id":213,"post_code":55,"name":"RUKWA","created_at":"2025-05-25 06:43:36","updated_at":"2025-05-25 06:43:36","deleted_at":null},{"id":28,"country_id":213,"post_code":57,"name":"RUVUMA","created_at":"2025-05-25 06:59:14","updated_at":"2025-05-25 06:59:14","deleted_at":null},{"id":29,"country_id":213,"post_code":37,"name":"SHINYANGA","created_at":"2025-05-25 07:00:26","updated_at":"2025-05-25 07:00:26","deleted_at":null},{"id":30,"country_id":213,"post_code":39,"name":"SIMIYU","created_at":"2025-05-25 07:00:58","updated_at":"2025-05-25 07:00:58","deleted_at":null},{"id":31,"country_id":213,"post_code":43,"name":"SINGIDA","created_at":"2025-05-25 07:01:43","updated_at":"2025-05-25 07:01:43","deleted_at":null},{"id":32,"country_id":213,"post_code":45,"name":"TABORA","created_at":"2025-05-25 07:04:35","updated_at":"2025-05-25 07:04:35","deleted_at":null},{"id":33,"country_id":213,"post_code":21,"name":"TANGA","created_at":"2025-05-25 07:05:16","updated_at":"2025-05-25 07:05:16","deleted_at":null},{"id":34,"country_id":213,"post_code":54,"name":"SONGWE","created_at":"2025-05-25 07:08:27","updated_at":"2025-05-25 07:08:27","deleted_at":null},{"id":35,"country_id":213,"post_code":23,"name":"ARUSHA","created_at":"2025-05-25 07:12:07","updated_at":"2025-05-25 07:12:07","deleted_at":null},{"id":36,"country_id":213,"post_code":0,"name":"Unguja Kaskazini","created_at":"2025-07-30 17:27:44","updated_at":"2025-07-30 17:27:44","deleted_at":null},{"id":37,"country_id":213,"post_code":0,"name":"Unguja Kusini","created_at":"2025-07-30 17:39:25","updated_at":"2025-07-30 17:39:25","deleted_at":null},{"id":38,"country_id":213,"post_code":0,"name":"Unguja Mjini Magharibi","created_at":"2025-07-30 17:39:25","updated_at":"2025-07-30 17:39:25","deleted_at":null},{"id":39,"country_id":213,"post_code":0,"name":"Pemba Kaskazini","created_at":"2025-07-30 17:39:25","updated_at":"2025-07-30 17:39:25","deleted_at":null},{"id":40,"country_id":213,"post_code":0,"name":"Pemba Kusini","created_at":"2025-07-30 17:39:26","updated_at":"2025-07-30 17:39:26","deleted_at":null}]